Date,Open,High,Low,Close,Volume
2017-01-03,89,89,88.08,88.6,8787301
2017-01-04,88.985,90.89,88.58,90.51,11462690
2017-01-05,91.91,94.81,91.64,94.37,16787882
2017-01-06,94.4,94.5,93,93.89,7597313
2017-01-09,94.16,95.65,93.31,94.72,10817809
2017-01-10,96.4,97.904,95.55,96.75,14759642
2017-01-11,96.92,97.45,95.6,96.94,8723400
2017-01-12,96.85,96.85,94.8,95.9,8412007
2017-01-13,95.95,97.38,95.76,96.27,10683689
2017-01-17,96.32,96.59,95,96.12,6340300
2017-01-18,96.27,96.27,95.26,96,6594865
2017-01-19,96.42,96.7,95.58,96.17,7085977
2017-01-20,96.45,97.15,95.6707,96.06,9652613
2017-01-23,96.48,98.67,96.26,98.41,14000975
2017-01-24,103.15,103.19,99.94,101.43,37145549
2017-01-25,102.46,104.27,101.9,104.06,23308256
2017-01-26,103.92,104.57,102.17,102.75,12500045
2017-01-27,102.25,102.7,101.29,102.07,8025173
2017-01-30,101.2,101.46,100.09,101.02,8611445
2017-01-31,100.24,102.09,100.06,101.31,7522394
2017-02-01,102.07,102.38,100.87,101.57,5727161
2017-02-02,101.28,101.47,100.56,100.84,5363984
2017-02-03,101.5,101.56,100.3,100.39,6196352
2017-02-06,100.17,101.706,100.02,100.9,6784375
2017-02-07,101.04,101.6,100.5,100.83,5647859
2017-02-08,101.55,103.99,101.16,103.57,10169300
2017-02-09,103.325,104.18,102.56,103.34,8425744
2017-02-10,103.88,103.94,102.31,102.36,7671083
2017-02-13,102.82,104.44,102.62,103.1,9723142
2017-02-14,103.14,103.6,100.896,101.59,10229407
2017-02-15,102.06,102.13,100.11,101.55,12379569
2017-02-16,101.86,102.1,100.5,100.82,7457191
2017-02-17,100.69,101.73,100.3,100.52,8237860
2017-02-21,101.03,102.54,100.91,102.12,8180889
2017-02-22,102.48,105.2,102.42,104.2,15777214
2017-02-23,104.72,104.86,101.82,102.46,10089061
2017-02-24,101.39,103,101.3,102.95,7352765
2017-02-27,102.5,103.825,102.22,103.6,6860861
2017-02-28,103.89,103.99,102.03,102.9,8007397
2017-03-01,103.68,104.99,103.21,104.04,10324968
2017-03-02,103.8,104.58,102.77,103.19,7970746
2017-03-03,102.99,103.42,102.44,103.31,6313179
2017-03-06,102.76,103.25,102.1,102.31,6271474
2017-03-07,102.3,103.308,102.11,102.63,4980492
2017-03-08,102.63,104.29,102.54,103.22,7071039
2017-03-09,102.97,103.75,102.76,103.24,4521802
2017-03-10,103.43,103.7,102.63,103.39,4113217
2017-03-13,103.52,106.25,103.47,105.18,16113202
2017-03-14,104.61,106,103.822,104.25,7746921
2017-03-15,104.37,104.49,102.6,103.69,11693654
2017-03-16,105.25,105.65,104.301,105.63,12442077
2017-03-17,105.17,106.5,104.86,105.61,8775888
2017-03-20,106.23,108.2,105.94,107.25,12446076
2017-03-21,108.46,108.7,104.7,105.09,13874430
2017-03-22,104.64,106.12,103.98,106.09,7151976
2017-03-23,106.95,108.83,106.44,108.25,13409898
2017-03-24,108.4,109.13,107.23,108.04,7577102
2017-03-27,106.65,108.19,106.51,108.08,7699358
2017-03-28,108.23,108.95,107.46,107.8,6467098
2017-03-29,107.97,109.74,107.69,109.51,8784551
2017-03-30,109.729,110.45,108.66,108.85,10587171
2017-03-31,108.5,109.119,107.78,107.83,8993356
2017-04-03,108.85,109.47,107.52,108.09,8390061
2017-04-04,107.87,108.26,106.88,107.52,6477898
2017-04-05,108.36,108.82,107.32,107.44,8188314
2017-04-06,107.59,108.42,107.15,108.04,5201954
2017-04-07,107.88,109.07,106.76,108.99,8352139
2017-04-10,109,111.88,108.84,111.7,14796280
2017-04-11,111.4,111.79,109.46,110.44,10011311
2017-04-12,110.5,111.7,110.31,110.63,8097567
2017-04-13,110.72,111.45,109.82,110.21,6854500
2017-04-17,110.91,111.87,110.3,111.76,7120114
2017-04-18,111.2,112.2,110.867,111.23,8297300
2017-04-19,111.99,112.2,110.57,110.76,9597570
2017-04-20,111.53,113.6,111.48,112.96,13771710
2017-04-21,112.8,113.17,112.3,113.11,8954617
2017-04-24,114.04,115.16,114.02,114.86,13417024
2017-04-25,115.54,115.82,114.8,115.48,11332311
2017-04-26,115.37,115.75,114.622,114.97,6674181
2017-04-27,115,115.96,114.83,115.43,9435859
2017-04-28,115.9,115.99,115,115.5,6984673
2017-05-01,115.63,117.24,115.5,116.68,7312993
2017-05-02,117.07,118.69,117.02,118.09,10033538
2017-05-03,117.95,118,115.12,116.57,10588009
2017-05-04,115.94,116.41,115.15,115.86,6977685
2017-05-05,116.05,116.15,114.8,116.04,7097296
2017-05-08,116.9,117.51,116.2,116.86,6460773
2017-05-09,118.62,120,118.07,120,15194464
2017-05-10,120.01,120.33,119.1,119.98,9338225
2017-05-11,120.13,120.5,118.25,120.16,11348143
2017-05-12,120.37,120.468,119.51,120.34,9813222
2017-05-15,121.03,121.49,120.031,121.4,11112623
2017-05-16,121.98,124.34,121.74,124.02,18150063
2017-05-17,123.25,123.89,120.5,120.72,19775121
2017-05-18,116.31,122.63,114,121.27,37111914
2017-05-19,123.96,126.4,123.07,123.22,21048230
2017-05-22,124.98,125.59,123.555,124.75,13479352
2017-05-23,124.67,125.675,122.85,122.93,14353758
2017-05-24,123.07,123.684,121.95,122.81,8370989
2017-05-25,123.74,124.45,122.31,123.63,12478952
2017-05-26,123.93,124.65,123.1,123.99,7533910
2017-05-30,124.08,124.88,123.53,123.91,8335994
2017-05-31,123.64,124.175,122,122.46,11580471
2017-06-01,122.82,124,122.26,123.97,8895142
2017-06-02,123.72,124.53,123.24,124.13,7286781
2017-06-05,124.02,125.56,123.87,125.37,10027961
2017-06-06,125.61,126.2,124.27,124.62,9249613
2017-06-07,125.08,125.91,124.11,125.64,9429321
2017-06-08,142.51,143.7,135.21,142.34,81322747
2017-06-09,144.57,148.29,137.01,139.44,54345438
2017-06-12,139.17,142.2,136.05,139.08,32160864
2017-06-13,141.88,142.244,135.9,136.6,40859691
2017-06-14,137.8,139.25,135.26,136.67,32831060
2017-06-15,135.64,135.67,133.1,135.08,30498935
2017-06-16,136.28,136.5,133.55,134.87,36329861
2017-06-19,137.81,140.4,137.4,139.47,24925632
2017-06-20,140.08,140.63,137.93,138.38,19982869
2017-06-21,138.82,143.5,138.02,143.29,30900055
2017-06-22,142.05,144.68,140.88,142.27,21880792
2017-06-23,142.1,143.34,140.83,143.01,11748958
2017-06-26,144.03,145.36,141.27,142.73,17820388
2017-06-27,143.9,144.38,141.1,141.53,17359641
2017-06-28,142.65,144.37,141.48,143.95,17739263
2017-06-29,143.16,143.56,137.52,140.81,24114299
2017-06-30,141.03,142.38,139.92,140.9,12267588
2017-07-03,141.75,142.49,139.495,140.99,6975712
2017-07-05,141.16,145,140.33,144.87,16969046
2017-07-06,143.01,143.62,141.83,142.2,11919892
2017-07-07,142.65,143.379,141.831,142.43,8035053
2017-07-10,143,144.16,142.25,143.81,10334220
2017-07-11,144.29,145.87,143.26,145.81,13507836
2017-07-12,147.38,149.3,146.85,149,14940383
2017-07-13,149.52,150,148,149.52,11672539
2017-07-14,150.12,152.25,149.69,151.83,11459910
2017-07-17,153.53,153.7,150.42,151.23,15317320
2017-07-18,151.08,154.6,150.48,153.75,15297826
2017-07-19,155.14,156.41,152.64,153.15,16776497
2017-07-20,153.96,154.12,151.84,152.11,16607329
2017-07-21,151.79,152.15,150.31,151.89,11442157
2017-07-24,152.77,153.23,151.6,152.26,10630759
2017-07-25,152.36,152.75,150.85,152.44,8448263
2017-07-26,152.53,156,152.36,155.79,14426911
2017-07-27,157.85,160.39,151.33,154.15,26031694
2017-07-28,153.96,158.96,152.82,157.56,14438895
2017-07-31,158.9,159.39,153.5,154.95,17753077
2017-08-01,156.25,156.61,153.8,154.73,11983588
2017-08-02,155.47,155.75,149.1,151.91,19496971
2017-08-03,152.1,153.8,149.6,153.32,12413135
2017-08-04,154.2,154.29,152.16,153.33,10028145
2017-08-07,154.83,158.99,154.37,158.84,15874802
2017-08-08,158.56,159.84,156.8,157.5,15419505
2017-08-09,156.05,157.71,155.2,157.49,10999428
2017-08-10,156.2,156.5,151.25,151.77,18935452
2017-08-11,150.51,152.57,147.5,151.7,22298720
2017-08-14,154.77,155.08,153.1,154.61,14567843
2017-08-15,155.74,158.32,154,157.75,18606835
2017-08-16,160,160.35,158.535,159.5,21193985
2017-08-17,166.12,168,163.51,163.92,56788734
2017-08-18,165.36,169.5,164.1,167.5,31464845
2017-08-21,168.29,170.6,166.98,169.25,22317564
2017-08-22,170.02,174.77,169.64,174.46,24427819
2017-08-23,172.9,176.23,172.75,175.8,21908651
2017-08-24,177,177,174.3,175,20757456
2017-08-25,174.8,174.94,171.11,171.74,24134963
2017-08-28,171.15,171.34,167.06,168.3,24402084
2017-08-29,165.15,169.23,164.35,167.41,19563463
2017-08-30,169.15,172.39,169.15,171.25,17737429
2017-08-31,172.54,172.9,170.25,171.74,16471368
2017-09-01,171.99,172.386,170.65,171.04,11155539
2017-09-05,169.47,171.93,168.738,169.92,14963933
2017-09-06,170.17,171.11,167,168.14,19960797
2017-09-07,169.26,170.97,168,170.48,15061702
2017-09-08,169.99,171.22,168.92,169,12339895
2017-09-11,171.5,174.2,171.5,174.06,18229416
2017-09-12,174.89,175.62,173.37,175.31,15607060
2017-09-13,175.75,179.1,175.56,178.97,21964280
2017-09-14,177.54,179.93,176.02,177.1,22763693
2017-09-15,177.9,179.75,176.7,176.7,26554896
2017-09-18,178.89,180.29,177.75,179.98,22588625
2017-09-19,180.69,180.87,179.25,180.07,14735540
2017-09-20,180.02,180.5,176.151,177.95,15379940
2017-09-21,178.05,178.861,175.3,177.39,14570334
2017-09-22,176.2,178.42,175.68,178.14,12738903
2017-09-25,176.48,177,167.5,169.59,34000419
2017-09-26,170.01,171.9,166.79,167.02,23665792
2017-09-27,169.84,171.95,169.45,170.99,19411786
2017-09-28,170.91,171.88,169.567,170.24,13944397
2017-09-29,171.11,173.54,170.74,172.71,13382773
2017-10-02,174.57,175.13,172.57,173.61,12551534
2017-10-03,176.06,178.78,173.61,178.56,15145853
2017-10-04,178.06,180,177.3,178.71,11413838
2017-10-05,179,179.73,176.03,178.89,11883007
2017-10-06,177.85,179.87,177.61,179.2,8732972
2017-10-09,178.97,183.132,178.75,182.09,14992932
2017-10-10,181.65,184.46,181.36,183.12,13182875
2017-10-11,183,184.7,182.601,184.69,11946859
2017-10-12,184.04,184.39,180.348,180.53,15426940
2017-10-13,180.96,181.4,177.97,178.45,18099611
2017-10-16,180,180.05,178.51,179.57,12839650
2017-10-17,179.58,180.12,175.3,175.32,20104546
2017-10-18,177.09,180,176.28,179.61,21745854
2017-10-19,177.001,178.04,175.45,177.93,13451799
2017-10-20,179.02,179.52,177.08,177.32,11939523
2017-10-23,177.8,178.01,173.05,173.13,17589591
2017-10-24,174.01,175.98,173.26,173.7,11936871
2017-10-25,174.69,175.44,169.3,170.22,18092699
2017-10-26,170.62,171.45,168.58,170.32,13433127
2017-10-27,173.19,177,171.11,176.15,19674533
2017-10-30,178.53,181.9,177.59,181.58,20208307
2017-10-31,183.57,185.12,181.811,184.89,21215582
2017-11-01,187.88,188.88,183.58,186.08,28486009
2017-11-02,190.99,191.22,183.31,184.81,41216976
2017-11-03,186.51,186.93,182.06,183.21,19685399
2017-11-06,184.07,188.25,184,187.84,19837414
2017-11-07,189.58,189.86,187,188.51,17748403
2017-11-08,187.98,188.15,185.1,185.9,13931753
2017-11-09,184.21,185.13,181.05,185.13,19728600
2017-11-10,186.41,187.17,186.41,186.41,14991960
2017-11-13,186.77,187.88,184,184.54,17165555
2017-11-14,184.3,184.31,181.15,181.79,14446325
2017-11-15,179.37,181.88,176.736,181.48,16524589
2017-11-16,183.31,186.27,183.12,185.43,18376190
2017-11-17,185.92,186.5,184.67,185.13,13416826
2017-11-20,187.6,190,186.611,188,25926188
2017-11-21,190.35,191.56,188.8,190.9,19600683
2017-11-22,191.54,191.75,189.37,189.84,14402060
2017-11-24,189.39,191.7,188.7,191.19,9887763
2017-11-27,190.49,191.45,187.55,188.03,14939902
2017-11-28,188.83,189.1,186.5,186.69,13322539
2017-11-29,185.25,185.41,173.62,179.91,40175988
2017-11-30,179.53,179.8,176.32,177.08,25806879
2017-12-01,175.27,179.8,173.8,174.61,26769160
2017-12-04,177.2,177.58,168.26,169.58,35868471
2017-12-05,165.28,172.96,164.25,168.96,31587266
2017-12-06,168.3,173.23,168,172.63,23869875
2017-12-07,173.76,175.82,172.26,174.47,15683880
2017-12-08,177.72,178.96,176.37,177.62,23531358
2017-12-11,179.19,180.68,178.15,179.29,15612412
2017-12-12,178,178.16,173.77,174.64,22621756
2017-12-13,175.19,177.7,174.3,176.47,18624251
2017-12-14,173.11,173.39,169.61,171.75,32798289
2017-12-15,172.89,173.55,170,173.55,41334317
2017-12-18,174.6,174.65,172.37,173.37,16996919
2017-12-19,171.97,173,170.51,171.28,23918178
2017-12-20,171.79,172.9,170.8,172.64,17103817
2017-12-21,172.8,176.25,172.707,175.32,14804939
2017-12-22,175.84,176.66,175.04,176.29,12520195
2017-12-26,174.55,175.15,171.73,172.33,12866830
2017-12-27,172.29,173.87,171.73,172.97,10138820
2017-12-28,173.04,173.53,171.67,172.3,9497411
2017-12-29,172.28,173.67,171.2,172.43,9694901
2018-01-02,176.399,184.1,175.7,183.65,29918410
2018-01-03,185.19,185.635,181.4,184,20106904
2018-01-04,185.9,187.747,184.43,185.71,19448969
2018-01-05,187.17,190.75,186.301,190.7,18144639
2018-01-08,190.46,191.66,189.07,190.33,16144948
2018-01-09,191.13,192.49,188,190.8,19490278
2018-01-10,188.1,190.39,186.58,189.79,17934068
2018-01-11,188.75,190.43,188.75,188.75,12390438
2018-01-12,189.91,190.2,187.25,187.79,11776159
2018-01-16,190.4,191.74,181.75,182.4,27401759
2018-01-17,183.3,184.8,179.32,183.83,21326405
2018-01-18,184.28,185.845,182.69,184.4,14158746
2018-01-19,185.15,185.239,182.8,184.05,14888720
2018-01-22,184.975,185.04,181.68,184.02,15984241
2018-01-23,185.28,192.4,183.54,192.28,31085386
2018-01-24,194.71,198.86,192.4,195.53,34483186
2018-01-25,196.34,199.59,194.1,198.33,23266663
2018-01-26,200.33,205.23,199.21,205.22,23708200
2018-01-29,204.83,205.69,201.82,203.01,21883026
2018-01-30,198.68,202.54,196.49,199.66,23345791
2018-01-31,202.82,206.2,202.8,204.29,26703052
2018-02-01,192.75,199.49,191.14,192.22,52518371
2018-02-02,194.79,195.68,186.8,187.31,32188949
2018-02-05,183.7,190.47,179.9,180.53,30958975
2018-02-06,174.72,185.59,174.17,185.17,35804470
2018-02-07,183.5,186.83,180.3,180.3,19634399
2018-02-08,182.27,183.1,171.39,173.7,31997910
2018-02-09,175.12,177.616,168.88,176.67,28034886
2018-02-12,180.44,180.79,175.086,177.44,18259816
2018-02-13,177.42,182.15,177,179.25,15473071
2018-02-14,179.22,186.93,178.9,186.76,21028068
2018-02-15,189.25,189.56,184.431,187.45,14352105
2018-02-16,186.75,188.27,183.54,183.68,16102915
2018-02-20,187.19,188.83,187.19,187.19,14842927
2018-02-21,189.37,193.17,188.46,188.82,22048610
2018-02-22,190.2,190.74,187.77,188.75,12269486
2018-02-23,190.18,193.4,189.95,193.29,16926868
2018-02-26,194.46,195.15,190.65,194.19,19444679
2018-02-27,192.59,193.567,187.21,188.26,23218450
2018-02-28,187.25,188.24,185,186.14,19367576
2018-03-01,186.18,187.48,180.05,181.99,17286309
2018-03-02,178.01,180.23,175.45,179.76,18909073
2018-03-05,179.41,181.95,177.07,181.6,15656661
2018-03-06,185.19,188.01,184.82,187.37,17856088
2018-03-07,184.37,189.07,184.32,189.05,13728910
2018-03-08,189.05,190.23,186.57,187.18,14331400
2018-03-09,189.64,190.7,188.01,190.55,14208356
2018-03-12,192.3,194.4,190.9,192.74,17826186
2018-03-13,193.88,194.25,187.39,188.41,14826665
2018-03-14,190.29,193.63,190.22,192.56,20032271
2018-03-15,198.44,201.5,196.52,199.06,33626797
2018-03-16,198.4,200.38,197.26,200.28,26948659
2018-03-19,198,198.43,192.801,194.53,19681421
2018-03-20,194.95,199.21,194.54,198.95,11952024
2018-03-21,198.8,198.88,194.57,195.3,12047301
2018-03-22,190.75,192.39,184.6,184.65,25355700
2018-03-23,186.85,188.48,180.401,181.2,18714404
2018-03-26,187.89,190.62,184.32,190.5,16758711
2018-03-27,192.24,192.25,180.66,181.89,16627873
2018-03-28,180.73,183.44,177.57,178.91,20081071
2018-03-29,180.88,185.13,178.62,183.54,16378866
2018-04-02,182.81,183.51,175.75,177.61,16028747
2018-04-03,179.26,179.58,173,174.67,19975067
2018-04-04,166.88,172.41,166.13,172.07,24573593
2018-04-05,175.48,176.56,171.17,172.57,18250947
2018-04-06,169.84,172.27,166.4,167.52,18209969
2018-04-09,169.75,172.72,168.61,169.87,14701159
2018-04-10,175.1,177.88,173.85,177.1,20596194
2018-04-11,176.48,178.16,174.74,175.36,10170536
2018-04-12,175.93,177.9,174.56,175.92,11133871
2018-04-13,176.72,176.8,171.07,172.04,13526198
2018-04-16,172.01,174.79,171.01,174.7,9876207
2018-04-17,174.83,179.34,174.83,178.7,16285805
2018-04-18,178.9,182.88,177.64,182.68,16972731
2018-04-19,183.26,183.63,179.52,181.39,11988977
2018-04-20,179.36,181.39,177.53,179.11,14473079
2018-04-23,178.63,179.32,174.71,175.57,12033892
2018-04-24,177.63,178,170.68,173.09,14567517
2018-04-25,170.52,171.3,166.64,170.22,17132871
2018-04-26,173.25,174.36,172.05,173.9,13398037
2018-04-27,177.11,178.2,174.01,177.16,15062517
2018-04-30,178.09,180.04,177.05,178.54,14653977
2018-05-01,177.58,180.32,177.44,179.5,10787699
2018-05-02,180.8,184.264,180.11,181.45,20681841
2018-05-03,183.5,183.59,175.77,182.45,26257648
2018-05-04,180.4,190.6,178.62,188.89,57788340
2018-05-07,190.41,196.6,190.3,195.35,29862192
2018-05-08,194.2,197.34,193.01,196.31,21856348
2018-05-09,195.84,197.38,194.5,195.43,13780627
2018-05-10,196.3,199.77,195.16,195.96,21295038
2018-05-11,196.4,196.46,193.38,194.36,12741110
2018-05-14,195.9,200,195.87,198.64,17627130
2018-05-15,195.23,196.78,193.86,196.61,12694857
2018-05-16,196.75,199.75,196.3,198.11,12887456
2018-05-17,196,198.43,195.57,196.02,13470547
2018-05-18,196.43,197.78,194.72,195,14242305
2018-05-21,197.8,199.79,196.4,197.64,13830526
2018-05-22,198.3,198.627,195.7,195.87,9700121
2018-05-23,193.88,196.9,192.801,196.8,12807376
2018-05-24,198.12,199.72,195.697,197.37,18527694
2018-05-25,197.57,201.5,197.21,199.2,21269952
2018-05-29,197.94,202.28,197,198,18768743
2018-05-30,199.7,200.54,197.5,197.98,13930634
2018-05-31,198,199.48,196.85,198.01,17982536
2018-06-01,199.5,204.99,199.45,204.34,23131917
2018-06-04,205.12,209.75,204.73,208.95,19357012
2018-06-05,209.95,211.7,207.13,208.37,17787704
2018-06-06,209.86,210.46,207.289,208.3,13800519
2018-06-07,207.46,209,200.88,203.62,26747768
2018-06-08,201.11,206.23,200.43,205.07,17525218
2018-06-11,206.5,207.6,205.01,205.7,12061370
2018-06-12,206.95,209.8,206.9,209.08,15910860
2018-06-13,209.44,209.65,206.6,206.62,13844190
2018-06-14,207.72,211.12,207.51,210.86,18838274
2018-06-15,207.49,210.08,206.01,208,28665573
2018-06-18,205.16,208.6,203.88,208.57,14645182
2018-06-19,203.53,204.51,199.5,204.43,24484164
2018-06-20,205.05,207.23,205.02,206.23,15559583
2018-06-21,205.84,206,201.04,202.21,13963829
2018-06-22,203.38,203.8,200.25,202.01,9623582
2018-06-25,197.85,198.1,187.86,191.25,32750867
2018-06-26,193.34,193.66,188.42,191.42,20740355
2018-06-27,193.46,193.6,184.89,185.02,23886981
2018-06-28,183.2,188.96,182.04,188.38,19553796
2018-06-29,185.36,188.97,184.26,185.53,26023406
2018-07-02,181.66,186.36,181.06,186.36,17325917
2018-07-03,187.88,188.5,184.36,184.75,11673699
2018-07-05,187.17,187.44,182.9,186.88,18412131
2018-07-06,186.01,192.49,185.54,192.27,17035621
2018-07-09,194.45,194.69,190.87,192.75,15466403
2018-07-10,192.89,195.13,191.48,192.55,12611428
2018-07-11,188.6,190.05,187.42,187.42,15947024
2018-07-12,190.77,192.58,189.79,190.17,17440353
2018-07-13,191.61,192.12,189.3,190.04,12557906
2018-07-16,189.57,191.37,189.15,190.35,12205645
2018-07-17,188.65,192.95,187.9,192.66,13270692
2018-07-18,192.45,193.23,189.91,190.79,10796602
2018-07-19,188.68,189.68,186.87,187.34,13373064
2018-07-20,189.49,189.5,186.61,187.25,12812654
2018-07-23,187.18,187.81,184.8,187.04,10996150
2018-07-24,190.19,193.07,188.35,189,18414763
2018-07-25,190.61,198.35,190.14,197.98,20739329
2018-07-26,193.21,196.12,192.62,194.18,13885520
2018-07-27,196.1,196.27,186.93,189.42,19916587
2018-07-30,190.22,190.59,182.06,184.82,19906278
2018-07-31,186.4,188.948,183.99,187.23,17016639
2018-08-01,186,189.06,183.96,185.27,14370748
2018-08-02,181.54,182.9,179.78,182.6,20976524
2018-08-03,184.15,184.5,180.08,180.84,18185065
2018-08-06,180.7,180.86,177.49,178.62,35418962
2018-08-07,180.29,183,179.74,179.92,20620300
2018-08-08,180,180.18,176.55,177.52,21152413
2018-08-09,179.31,180.63,176.76,177.19,35220934
2018-08-10,175.57,180.45,174.75,180.01,22049178
2018-08-13,179.65,180.65,177,177.68,14680647
2018-08-14,175.14,176.2,170.77,172.53,38508592
2018-08-15,167.11,169.85,165.39,169.83,41278613
2018-08-16,172.33,175.7,171.57,171.99,34263288
2018-08-17,172.52,174.2,168.38,172.78,24695359
2018-08-20,175.22,178.86,174.36,176.29,25900658
2018-08-21,177.63,179.67,176.97,177.92,20337389
2018-08-22,178.15,179.74,175.5,177.85,27138492
2018-08-23,184.97,186.5,171.91,172.23,78843385
2018-08-24,175,176.37,172.45,174.23,30442809
2018-08-27,177.1,180.88,176.22,180.65,23533814
2018-08-28,182.15,182.38,177.5,178.19,15319030
2018-08-29,179.35,179.66,176.83,178.5,11911063
2018-08-30,177.33,178.1,174.122,174.6,17086172
2018-08-31,173.11,176.681,172.76,175.01,13730845
2018-09-04,173.5,173.95,169,170.44,23450454
2018-09-05,167.48,168.28,162.03,164.23,35694744
2018-09-06,164.16,166.48,158.67,159.87,33051954
2018-09-07,159.95,164.61,159.51,162.37,19452377
2018-09-10,158.59,160.72,155,156.36,39092736
2018-09-11,153.18,158.45,152.85,157.46,25913010
2018-09-12,158.2,162.82,156.181,161.46,32490453
2018-09-13,165.41,167.22,164.01,165.53,25696478
2018-09-14,167.88,168,163.381,164.74,23417709
2018-09-17,161.5,161.65,158.289,158.89,20423197
2018-09-18,156.88,159.4,155.52,156.65,27240576
2018-09-19,158.82,163.13,158.82,162.63,23028307
2018-09-20,166.89,167.7,164.716,165.88,22818127
2018-09-21,169.46,169.84,164.5,164.63,22081900
2018-09-24,162.81,163.399,160.1,163.16,13123393
2018-09-25,164.05,165.44,162.83,164.25,9588722
2018-09-26,165.52,167.39,164.87,165.4,13592549
2018-09-27,166.39,167.05,164.92,166.32,12689166
2018-09-28,164.9,165.66,163.3,164.76,10486460
2018-10-01,165.92,165.95,161.56,162,10615171
2018-10-02,159.79,161.028,158.27,160.23,14730480
2018-10-03,163.15,164.54,161.93,162.37,13118816
2018-10-04,160.06,160.08,153.87,156.13,32176131
2018-10-05,156.14,157.12,152.25,154.63,20270970
2018-10-08,150.2,152.636,148.34,151.14,25060388
2018-10-09,147.97,150.59,146.47,146.94,31070230
2018-10-10,142.5,144,137.92,138.29,55828758
2018-10-11,135.53,142.91,135.14,141.9,43210320
2018-10-12,148.62,149,144.52,147.29,30764436
2018-10-15,144.77,145.69,142.3,144.16,18567106
2018-10-16,145.71,149.76,145.26,149.6,18365917
2018-10-17,150.68,150.68,146.37,148.14,16872420
2018-10-18,145.85,146.28,140.8,142.02,20618895
2018-10-19,145.34,146.77,142.61,142.93,14855111
2018-10-22,148.99,150.2,146.1,148.8,22589283
2018-10-23,143.22,147.51,142.62,146.65,19950477
2018-10-24,145.18,146.69,139.34,139.61,18512321
2018-10-25,142.5,144.91,141.01,144.6,13655058
2018-10-26,139,145.829,138.55,142.87,19476905
2018-10-29,142.42,144,131.36,133.38,35121699
2018-10-30,132.28,136.4,130.06,136.33,25230037
2018-10-31,141.35,142.65,139.14,142.28,23654569
2018-11-01,144.98,152.318,138.62,151.25,47039304
2018-11-02,152.56,154.36,146.28,147.59,45985757
2018-11-05,146.22,149.37,144.23,144.64,16197269
2018-11-06,145.87,149.96,145.325,147.44,17849812
2018-11-07,150.77,152.8,148.94,152.5,17884385
2018-11-08,150.99,151.88,146.69,148.99,17067089
2018-11-09,145.57,145.72,142.48,144.85,16220003
2018-11-12,145.01,146.406,139.97,142.82,16516466
2018-11-13,144.83,149.94,143.91,146.98,19575072
2018-11-14,150.21,152.15,148.44,150.44,21785982
2018-11-15,152.9,157.4,150.89,156.22,30083471
2018-11-16,155.04,155.8,152.142,154.1,20039383
2018-11-19,152.02,153.21,148.77,149.53,18087831
2018-11-20,144.48,148.07,142.82,145.98,19473181
2018-11-21,149.06,151.48,148.65,149.41,14718565
2018-11-23,147.3,151.17,147,150.33,7437479
2018-11-26,153.21,156.53,152.37,156.01,16152683
2018-11-27,154.64,157.94,153.58,156.46,17911799
2018-11-28,159.01,159.8,155.26,159.34,20767058
2018-11-29,158.08,159,153.54,156.28,20532236
2018-11-30,157.9,160.86,156.72,160.86,35071161
2018-12-03,168.64,168.8,163.51,163.74,31078508
2018-12-04,164.88,164.98,156.46,158.34,22198642
2018-12-06,153,155.87,150.51,155.83,25335464
2018-12-07,155.4,158.05,151.73,153.06,17447930
2018-12-10,150.39,152.81,147.48,151.43,15525490
2018-12-11,155.26,156.24,150.9,151.83,13651857
2018-12-12,155.24,156.17,151.43,151.5,16619239
2018-12-13,153.05,153.46,150.52,151.48,12255795
2018-12-14,147.71,150.7,145.72,149,15560693
2018-12-17,146.5,147.94,142.24,143.98,15788110
2018-12-18,144.28,144.75,140.11,140.82,17846648
2018-12-19,141.04,141.325,135.73,137.14,27657760
2018-12-20,135.83,137.755,132.91,135.11,24103820
2018-12-21,137.08,137.19,130.23,132,28790626
2018-12-24,130,134.57,129.77,131.89,11240722
2018-12-26,132.87,138.02,130.18,138,14862443
2018-12-27,135.05,138.45,133.89,138.45,11457388
2018-12-28,139.2,140.98,136.79,139.09,11955273
2018-12-31,141.83,142.02,136.04,137.07,11186358
2019-01-02,134.13,137.749,133.03,136.7,16708377
2019-01-03,134.27,134.87,129.83,130.6,19531256
2019-01-04,134.26,141.08,133.66,139.75,22845435
2019-01-07,140.55,144.08,139.01,143.1,17238999
2019-01-08,145,147.55,142.06,146.79,16487647
2019-01-09,149.89,153.35,148.5,151.92,20214074
2019-01-10,149.81,152.03,148.88,151.69,14221099
2019-01-11,151.83,153.38,150.14,151.32,9589415
2019-01-14,148.5,150.57,146.54,149.27,13356749
2019-01-15,150.68,154.17,149.964,150.88,15003064
2019-01-16,152.81,155.39,151.5,154.84,14810795
2019-01-17,152.11,158.55,151.9,155.97,16153189
2019-01-18,158.45,159.49,154.73,157.02,19611360
2019-01-22,154.4,155.44,150.207,152.15,21294975
2019-01-23,154.65,155.18,150.95,152.03,10195792
2019-01-24,151.47,156,151.21,155.86,10997894
2019-01-25,158.91,160.5,157.43,159.21,16459555
2019-01-28,157.8,159.69,155.3,158.92,10141096
2019-01-29,159.04,160.375,155.92,156.88,18348230
2019-01-30,161.29,167.84,160.5,166.82,36997728
2019-01-31,167.8,169.73,165.7,168.49,21219504
2019-02-01,168,169.4,167.63,167.97,10771453
2019-02-04,166.32,167.55,165.61,166.7,7380402
2019-02-05,168.55,171.95,168,171.83,12801793
2019-02-06,171.86,173.09,169.99,171.52,11267804
2019-02-07,169.16,169.61,164.336,166.96,11911130
2019-02-08,163.83,167.65,163.75,167.36,8331463
2019-02-11,168.85,170.33,167.45,167.45,7260318
2019-02-12,169.6,170.49,168.61,168.71,8594401
2019-02-13,169.91,171.05,168.99,169.4,8661819
2019-02-14,167.64,168.5,166.61,168.38,8722094
2019-02-15,168.61,168.77,165.41,166.15,12099523
2019-02-19,166.98,171.15,166.5,170.18,12982304
2019-02-20,171,172.68,170.61,170.71,12454903
2019-02-21,171,171.78,169.8,171.66,8434769
2019-02-22,172.8,177.02,172.52,176.92,16175610
2019-02-25,181.26,183.72,180.73,183.25,22831795
2019-02-26,179.79,184.35,179.37,183.54,13870985
2019-02-27,181.72,184.93,180.88,184.58,16741572
2019-02-28,183.01,184.3,181.47,183.03,12370403
2019-03-01,185.09,186.9,183.38,183.88,14348493
2019-03-04,186,187.34,184.46,187.25,14761686
2019-03-05,186.94,188.08,185,185,11513174
2019-03-06,184.38,185.59,183.02,184.17,10009110
2019-03-07,180.91,181.8,176.73,177.32,16488914
2019-03-08,171.565,175.35,171.565,175.03,14674221
2019-03-11,177.83,181.72,177.58,180.41,13764041
2019-03-12,182.04,182.18,179.51,180.63,8659992
2019-03-13,180.73,182.535,179.26,180.7,8868194
2019-03-14,179.06,180.82,178.01,180.36,9272010
2019-03-15,180.66,181.45,179.66,180.97,10844077
2019-03-18,181.93,182.89,180.76,181.83,7847801
2019-03-19,181.63,183.36,180.85,182.14,10238626
2019-03-20,180.94,181.95,178.43,181.28,15901452
2019-03-21,178.95,181.73,178.52,181.5,9754460
2019-03-22,179.77,180.48,175.336,176.26,11688442
2019-03-25,174.33,178.9,174.1,178.77,7511447
2019-03-26,179.7,180.65,177.095,178.08,7897854
2019-03-27,177.7,179.83,176.913,177.03,8370972
2019-03-28,177.47,178.53,175.97,177.73,7232992
2019-03-29,180.73,182.6,179,182.45,13850865
2019-04-01,185.09,185.56,180.89,180.89,12714767
2019-04-02,181.46,183.563,180.95,181.74,8021500
2019-04-03,179.51,180.7,176.76,178.32,26819027
2019-04-04,177.04,181.96,176.89,181.07,17002465
2019-04-05,182.51,185.5,182,185.35,18705035
2019-04-08,184.19,187.82,184.01,186.5,14725576
2019-04-09,186.49,187.89,186.16,187.19,11578209
2019-04-10,186.69,187.4,184,186.19,10655022
2019-04-11,185.15,186.06,183.75,184.98,8900299
2019-04-12,187.71,189.79,187.14,188.91,12600038
2019-04-15,188.06,188.17,182.56,183.07,14616599
2019-04-16,185.55,185.79,183.4,185.78,12195911
2019-04-17,187.34,188.2,185.78,187.55,11614169
2019-04-18,186.41,187.28,185.39,186.94,7882495
2019-04-22,184.5,186.47,183.61,185.38,8677765
2019-04-23,186,188.15,185.44,187.29,11410606
2019-04-24,186.76,186.9,184.58,185.67,9085262
2019-04-25,185.24,188.13,183.955,187.88,10328930
2019-04-26,187.88,188.74,185.51,187.09,9421120
2019-04-29,187.42,188,185.76,186.94,8660640
2019-04-30,186.3,188.25,183.82,185.57,15076485
2019-05-01,186.75,193.195,185.88,189.31,17405482
2019-05-02,189.42,192.7,186.65,190.39,11468106
2019-05-03,191.88,195.72,191.88,195.21,14521100
2019-05-06,185.17,189,184.83,188.24,23941223
2019-05-07,186.05,186.45,179.63,181.43,22663248
2019-05-08,180.95,183.2,178.58,179.59,16611096
2019-05-09,175.43,180.695,173.07,179.04,22727751
2019-05-10,180.18,180.79,174.1,178,18986985
2019-05-13,169.79,172.47,168.78,170.01,22330737
2019-05-14,172.75,175.15,171.48,174.84,17874110
2019-05-15,177.06,180.24,173.321,177.6,37610416
2019-05-16,178.18,178.25,174.75,175.57,20579209
2019-05-17,171.69,172.29,168.49,169.57,22539384
2019-05-20,164.44,164.57,160.02,160.65,33413826
2019-05-21,163.16,165.59,162.52,163.43,22006145
2019-05-22,162.41,162.82,158.07,158.83,25831223
2019-05-23,155.45,158.48,154.41,156,26891864
2019-05-24,157.615,158.43,154.9,155,21489717
2019-05-28,156.4,157.07,153.22,154.81,38602961
2019-05-29,153.58,154.385,150.71,152.48,30073136
2019-05-30,152.36,153.37,150.25,151.07,17344653
2019-05-31,149.63,150.68,147.95,149.26,26881219
2019-06-03,149.6,151.77,148.845,149.91,25254432
2019-06-04,151.56,155.2,150.64,154.15,27417246
2019-06-05,155.17,156.11,149.31,151.65,23208594
2019-06-06,152,152.7,150.57,151.5,15762951
2019-06-07,152.95,155.69,152.214,154.23,17817824
2019-06-10,158.78,161.98,157.4,159.85,36473289
2019-06-11,164.2,165.68,161.925,162.65,23408398
2019-06-12,160.47,161.7,158.81,160.04,16329285
2019-06-13,160.55,161.32,159.8,160.33,17571394
2019-06-14,158.37,158.71,157.23,158.1,14981551
2019-06-17,157.53,160.55,157.42,159.91,16079839
2019-06-18,162.89,169.11,161.95,165.51,35754830
2019-06-19,167.77,167.9,163.42,165.46,20798071
2019-06-20,170.19,170.48,166.275,168.25,24004749
2019-06-21,167.48,169.471,166.77,167.55,17415777
2019-06-24,168.4,168.88,165.78,168.1,18422558
2019-06-25,167.04,167.34,164.62,165.8,20447749
2019-06-26,168.28,171.24,168.15,168.99,22416435
2019-06-27,170.62,171.98,169.38,170.9,18349357
2019-06-28,170.2,170.89,167.96,169.45,19974264
2019-07-01,175.865,177.95,174.36,175.05,25911000
2019-07-02,175.13,175.55,174.25,175.45,14155171
2019-07-03,175.69,175.85,173.85,174.67,8532590
2019-07-05,173.75,173.82,172.82,173.3,12618589
2019-07-08,170.09,170.28,168.35,168.45,16531017
2019-07-09,167.085,168.98,166.5,168.8,15782800
2019-07-10,171.24,171.37,166.86,166.93,16675575
2019-07-11,167.56,168.424,165,166.55,14796404
2019-07-12,168,170.2,167.65,169.07,18103648
2019-07-15,171.5,173.75,170.42,173.5,22199049
2019-07-16,174.2,175.52,173.46,174.19,19039650
2019-07-17,172.75,176.22,172.49,174.82,15031587
2019-07-18,173.41,174.4,172.06,172.8,15613202
2019-07-19,174.87,175.15,172.99,172.99,13647241
2019-07-22,173.5,174.28,171.437,174,18497918
2019-07-23,175.39,178.64,174.845,178.09,20881546
2019-07-24,178,178.96,176.938,178.67,14933112
2019-07-25,178.49,179.15,175.369,177.29,14048992
2019-07-26,178.25,179.4,176.88,178.74,15281019
2019-07-29,178.43,179.88,175.35,177.02,15130314
2019-07-30,174.1,175.71,172.89,174.1,14300635
2019-07-31,173.71,174.89,170.09,173.11,14628866
2019-08-01,174.54,175.715,162.1,165.65,32728170
2019-08-02,162.56,163.85,160.35,161,27104672
2019-08-05,155.03,157.23,151.85,153.67,28912590
2019-08-06,158.48,158.73,156.11,157.43,24996283
2019-08-07,155.73,159.48,155.3,159.17,17917383
2019-08-08,161.71,162.3,159.12,162.22,19267699
2019-08-09,160.98,161.99,159.11,159.12,11894293
2019-08-12,157.5,159.36,155.54,159.35,13834658
2019-08-13,160.64,167.36,159.57,164.03,23247913
2019-08-14,161.34,163,159.21,162.06,20803677
2019-08-15,170.11,171,164.36,166.97,36343492
2019-08-16,170,177.55,168.57,174.6,25952537
2019-08-19,177.43,178.8,175.59,178.28,16012796
2019-08-20,175.91,177.99,175.62,177.21,10339621
2019-08-21,177.22,178.5,174.89,175.24,10627504
2019-08-22,174.12,174.98,170.5,171.91,11578161
2019-08-23,169.69,171.49,163.831,164.54,20909801
2019-08-26,166.49,167.45,165.53,165.9,8648151
2019-08-27,167.2,168.19,165.19,166.2,12783690
2019-08-28,164.62,168,164.2,167.48,9510283
2019-08-29,171,173.96,170.95,172.81,11577243
2019-08-30,174.5,175.25,172.66,175.03,10304874
2019-09-03,173,174.72,172.15,172.41,8509527
2019-09-04,176.26,176.55,173.99,174.33,7215487
2019-09-05,176.88,178.95,176.52,178.94,11168482
2019-09-06,179.01,179.22,176.21,176.69,8303976
2019-09-09,177.88,177.99,175.86,177.78,6931743
2019-09-10,176.28,176.3,172.22,174.99,9834972
2019-09-11,176,176.66,174.15,176.09,7039290
2019-09-12,177.89,180.5,177,178.24,12509426
2019-09-13,179.74,180.18,178.61,179.17,9479740
2019-09-16,177.75,179.17,175.37,177.07,10725137
2019-09-17,176.85,179.12,176.05,179,7573188
2019-09-18,179.15,180.17,177.58,180,9288193
2019-09-19,180.9,184.13,180.43,180.46,15160788
2019-09-20,182.31,183.82,178.84,182.51,24822055
2019-09-23,181.25,181.33,176.8,176.98,14146710
2019-09-24,179.17,179.49,171.3,171.55,14549173
2019-09-25,172.3,176.99,171.72,176.66,11842493
2019-09-26,177,178.23,174.83,175,10004675
2019-09-27,176,176.5,163.15,165.98,33312607
2019-09-30,169.887,170.2,166.45,167.23,14945171
2019-10-01,168.01,168.23,163.64,165.15,14194192
2019-10-02,162.82,166.88,161.9,165.77,11595463
2019-10-03,166.65,170.18,165,169.48,10391648
2019-10-04,169.6,170.7,167.56,170.34,8856039
2019-10-07,168.83,172.3,167.21,168.32,12034720
2019-10-08,164.3,165.22,161.68,161.93,15936337
2019-10-09,165.55,166.58,163.42,165.19,11189394
2019-10-10,165.96,168.57,164.09,166.07,11537756
2019-10-11,170.75,174.88,169.57,172.94,19369497
2019-10-14,172.84,173.34,170.79,171.16,7859737
2019-10-15,172.91,176.75,172.69,175.29,13814343
2019-10-16,175.76,177.35,174.12,177.12,10903835
2019-10-17,178,178.59,175.23,176.85,8032763
2019-10-18,176,176.23,169,169.13,14585653
2019-10-21,172.64,173.91,170.87,173.52,9055175
2019-10-22,174.53,175.36,169.26,169.89,10917326
2019-10-23,170.45,171.04,168.12,169.92,8906763
2019-10-24,171.28,172.75,170.21,172.55,7443497
2019-10-25,171.56,175.81,170.88,174.31,9891760
2019-10-28,176.5,179.64,176.41,178.68,11739624
2019-10-29,177.06,177.74,175.44,176.89,8026377
2019-10-30,175.42,177.88,173.936,177.53,10213241
2019-10-31,179.2,179.24,175.5,176.67,15119035
2019-11-01,179.01,182.12,176.06,176.46,28924118
2019-11-04,180.66,182.4,178.02,179.69,44541236
2019-11-05,181.42,183.2,180.31,182,23690167
2019-11-06,183.61,185,182.2,184.16,14834855
2019-11-07,187.07,188.07,184.69,186.66,20162591
2019-11-08,187.902,188.28,185.15,187.16,19737271
2019-11-11,184.82,187.2,181.37,186.71,20572434
2019-11-12,185.91,187.65,185.14,186.97,11797649
2019-11-13,185.47,185.674,181,182.48,15428495
2019-11-14,182.87,184.5,181.321,182.8,12750091
2019-11-15,184,185.6,183.71,185.49,11312539
2019-11-18,186.98,186.98,184.16,184.61,11830906
2019-11-19,186.31,186.71,183.87,185.25,13457361
2019-11-20,183.67,183.7,181.06,182.35,16694397
2019-11-21,181.77,184.89,181.6,184.86,10254735
2019-11-22,185.8,186.78,183.935,186.78,10541033
2019-11-25,188.32,190.72,187.88,190.45,19193455
2019-11-26,190.39,195,189.04,194.7,51885411
2019-11-27,197.24,200.98,197.01,200.82,33026204
2019-11-29,199.81,200.43,198.35,200,18593114
2019-12-02,198.58,198.67,193.51,196.31,19414420
2019-12-03,190.97,195,189.85,194.9,18440368
2019-12-04,195.53,196.66,193.23,193.74,14862556
2019-12-05,196.93,200.94,196.43,200,22310247
2019-12-06,201.11,202,199.51,201.89,14095652
2019-12-09,200.32,203.43,198.55,198.74,14340916
2019-12-10,200.71,202.48,199.23,200.45,11635945
2019-12-11,201.1,204.8,200.72,204.64,11770951
2019-12-12,203.71,206,202,204.5,22494328
2019-12-13,205.76,207.1,203.77,204.91,19283797
2019-12-16,206.33,209.15,206.19,206.97,16744467
2019-12-17,208.3,208.87,206.82,208.18,11299099
2019-12-18,208.53,210.05,208.04,210,13497200
2019-12-19,209.61,211.37,209.23,210.13,12168467
2019-12-20,211.35,213.98,210.42,212.25,26672844
2019-12-23,213.25,215.05,212.91,214.83,12538763
2019-12-24,215.01,215.43,213.35,214.26,5522987
2019-12-26,214.65,216.99,214.33,216.38,6917445
2019-12-27,217.99,218.11,215.17,215.47,11678669
2019-12-30,215.78,215.78,211.76,212.91,8745942
2019-12-31,212,213.64,210.73,212.1,6776071
2020-01-02,216.6,219.98,216.54,219.77,15882903
2020-01-03,216.35,218.203,216.01,217,8608281
2020-01-06,214.89,217.16,214.09,216.64,11892484
2020-01-07,217.64,218.94,216.69,217.63,9539012
2020-01-08,216.6,220.65,216.32,218,11983091
2020-01-09,221.5,223.08,220.82,221.78,13143886
2020-01-10,223.53,225.96,222.061,223.83,12302125
2020-01-13,228.81,231.14,227.04,230.48,17571892
2020-01-14,230.05,230.175,224.88,226.49,17302163
2020-01-15,226.65,227.82,224.39,225.06,10743368
2020-01-16,226.3,226.33,222.73,223.94,13712552
2020-01-17,225.9,228,225.35,227.43,12956200
2020-01-21,222.45,222.6,220.73,222.26,15831087
2020-01-22,224.69,225.58,222,222.37,10059579
2020-01-23,217.93,220.13,216.77,219.13,18519886
2020-01-24,218.49,219.83,211.325,213.75,18143867
2020-01-27,201.22,208.02,199.5,205.47,24574680
2020-01-28,209.74,210.91,207.17,210.23,16196716
2020-01-29,212.56,213.98,209.52,212.02,12896298
2020-01-30,207.88,209.86,205.03,208.58,14375995
2020-01-31,206.5,207.93,204.728,206.59,18181413
2020-02-03,208.67,215.02,208.67,213.1,14131887
2020-02-04,221.35,224.38,220.49,222.88,16695141
2020-02-05,226.52,226.7,217.54,220.22,15766067
2020-02-06,223.13,223.65,219.78,220.9,10790820
2020-02-07,217.46,217.84,214.88,216.53,13790255
2020-02-10,213.5,215.77,212.2,215.77,17420303
2020-02-11,219.91,220.01,215.29,217.21,16073464
2020-02-12,221.13,225.52,220.21,224.31,18671906
2020-02-13,220,225,218.99,220.36,28069666
2020-02-14,221.1,221.64,218.23,219.63,10689950
2020-02-18,218.55,220.85,217.51,220.52,13024897
2020-02-19,221.52,223.56,220.75,222.14,10798108
2020-02-20,222.5,222.5,214.22,218.04,14950089
2020-02-21,217.54,217.6,211.56,212.59,17700801
2020-02-24,203.55,207.28,202.51,206.16,19380226
2020-02-25,208.51,209.95,204.1,205.61,18132378
2020-02-26,206.92,213.08,206.79,208.74,19544272
2020-02-27,205.01,209.97,201.86,205.03,22741180
2020-02-28,198.98,208.92,198.561,208,31276197
2020-03-02,208.59,211.11,203.756,210.98,21542239
2020-03-03,211.08,211.39,202.24,207.41,20813800
2020-03-04,209.49,212.7,208.85,211.96,12474381
2020-03-05,210,215.15,209.14,211.46,13462891
2020-03-06,206.7,207,201.1,204.64,21700510
2020-03-09,195.62,199.89,193.93,197.66,25502567
2020-03-10,205.53,207.45,200.8,206.39,19022622
2020-03-11,201.65,203.1,196.11,198.91,18931796
2020-03-12,186.5,190.4865,183.93,185.1,30247100
2020-03-13,194.9,195.99,187.81,194,23650504
2020-03-16,176.15,188,174.5,178.85,26628481
2020-03-17,181.26,189.39,179.69,184.81,19276543
2020-03-18,176,182.41,170,180,22054204
2020-03-19,179.26,187.25,177.39,180.88,20905687
2020-03-20,187.54,188.3,180,181.3,21006082
2020-03-23,175.27,178.5,169.95,176.34,22554715
2020-03-24,183.09,188.8,181.18,185.75,20801494
2020-03-25,185.82,195.19,184.5151,188.56,19605247
2020-03-26,188.64,196.32,187.6,195.32,15426104
2020-03-27,189.97,192.74,188,188.59,13376354
2020-03-30,187.48,191.48,187.01,191.27,12254427
2020-03-31,192,196.79,190.6,194.48,19084779
2020-04-01,189.5,192.87,185.04,187.56,17948559
2020-04-02,186.08,191.3,185.6922,188.9,13412061
2020-04-03,190.12,190.55,185.41,187.11,9483140
2020-04-06,194.74,196.88,192.7,196.45,13248684
2020-04-07,200.05,201.45,197.05,198,14934472
2020-04-08,198.34,198.86,193.8835,195.98,13607953
2020-04-09,198.65,200.35,193.4,196.37,17821332
2020-04-13,197.4,200.325,195.53,199.44,16117865
2020-04-14,204.95,207.97,204.25,204.78,16757147
2020-04-15,204.77,209.15,201.31,208.17,10768071
2020-04-16,210.53,213.25,209.12,212.66,16353815
2020-04-17,214.9797,214.9797,208.8514,209.5,13558473
2020-04-20,209.87,216.1,209.36,212.13,19295401
2020-04-21,209.9,212.13,205.03,207.34,14107607
2020-04-22,212,212,209.21,209.96,13486061
2020-04-23,210.24,210.56,203.46,205.24,20424045
2020-04-24,205.89,206.5,202.82,204.36,14682374
2020-04-27,207.55,207.78,202.03,203.69,17286823
2020-04-28,204.81,205.19,199.407,201.15,17203784
2020-04-29,202.93,207.08,202.51,206.7,19117823
2020-04-30,206.25,206.7,199.29,202.67,20107378
2020-05-01,195.75,197.38,192.86,194.48,22276194
2020-05-04,194.76,195,189.53,191.15,25709379
2020-05-05,196.38,198.27,194.2,195.02,22957246
2020-05-06,197.67,198.91,194.93,195.17,18598890
2020-05-07,198,198.09,194.78,196.49,16164639
2020-05-08,199.8,203.02,198.68,201.19,23830133
2020-05-11,202.78,206.64,202.38,205.4,17920673
2020-05-12,206.95,208.05,200.02,200.31,17826809
2020-05-13,203.62,204.68,197.98,199.46,22429701
2020-05-14,195.5,201.77,194.03,201.3,20025896
2020-05-15,200.7,204.4899,200.1,203.68,17209463
2020-05-18,212.5,215.47,210.37,215.28,23646772
2020-05-19,216.73,220.59,215.19,217.2,21438090
2020-05-20,220,221.1574,210.58,216.79,38324065
2020-05-21,211.29,214.58,209.53,212.16,29850683
2020-05-22,203.23,204.88,198.99,199.7,51979253
2020-05-26,205.94,206.8,201,201.72,28683234
2020-05-27,202.99,202.99,196.75,201.18,23605372
2020-05-28,199,202.37,197.62,199.49,18787183
2020-05-29,200,207.88,196.7,207.39,43211476
2020-06-01,205.9,207.2,203.94,206.57,16169733
2020-06-02,207.21,214.57,207.17,214.33,22485811
2020-06-03,215.6,218.97,213.75,218.61,19999514
2020-06-04,217.28,220,216.32,218.04,14962424
2020-06-05,220,220.59,218.7,219.55,11983202
2020-06-08,219.6,220.4,215.33,219,12731207
2020-06-09,216.31,220.72,216.2,220.72,14140094
2020-06-10,222,225,220.6,223.68,13372410
2020-06-11,218,219.95,213.56,215.24,15560261
2020-06-12,218.5,219.5,213.88,217.64,12716540
2020-06-15,214.11,217.72,212.75,217.03,17419858
2020-06-16,221,224.84,220.1001,222.62,17212393
2020-06-17,224.4,225,222.5,224.25,12486737
2020-06-18,223.74,226.03,222.92,223.54,10358781
2020-06-19,226.38,226.5,220.09,220.64,19545194
2020-06-22,220.92,222.08,219.445,221.41,13303567
2020-06-23,225.12,230.225,224.53,228.75,18263426
2020-06-24,228.3,231.03,224.2524,226.22,12159460
2020-06-25,224.59,224.69,220.87,222.16,14953104
2020-06-26,222.21,222.26,213.5,215.71,19340638
2020-06-29,215.03,216.5,211.82,215.02,12333044
2020-06-30,215.74,216.43,212.89,215.7,12933794
2020-07-01,215.81,216.55,214.74,215.95,11788087
2020-07-02,221.85,225.025,220.06,223.6,18128692
2020-07-06,233.31,240.48,232.82,240,33702916
2020-07-07,241.01,241.3,236.13,236.51,16491638
2020-07-08,244.86,258.49,244.02,257.68,39922721
2020-07-09,265.55,268,255.91,261.58,36803870
2020-07-10,260.21,261.9,255.71,261.01,20335036
2020-07-13,261.45,265.66,250.68,251.67,21568745
2020-07-14,246.57,249.75,241.23,248.58,19782607
2020-07-15,251.48,252.5,246.54,249.21,12614711
2020-07-16,241.77,245.05,240.74,242.5,18032140
2020-07-17,246.55,247.9299,244.48,247.14,18752945
2020-07-20,256.45,257.67,252.43,254.81,19014963
2020-07-21,261.21,261.92,256.52,257.9,17130283
2020-07-22,255.76,256.27,249.6,251.7,19682212
2020-07-23,252.1,257.66,248.69,251.88,25711957
2020-07-24,244.96,249.48,241.89,249,17221468
2020-07-27,247.11,252.87,245.81,250.86,18966862
2020-07-28,251.15,251.65,248.53,249.05,9878735
2020-07-29,250.34,254.3,250.1,252.45,11493575
2020-07-30,251.7,253.86,249.62,252.74,7032900
2020-07-31,254.2,254.4,248.1,251.02,12310670
2020-08-03,254.02,260.65,254,257.94,11534531
2020-08-04,260.08,262.56,258.82,262.2,10994457
2020-08-05,263.74,265.976,261.755,264.91,10729172
2020-08-06,263.42,265.7,259.2,265.68,10359473
2020-08-07,257.41,257.76,247.57,252.1,22529642
2020-08-10,249.34,251.7499,246.1,248.13,13621712
2020-08-11,251.29,252.88,247.83,248.42,10681758
2020-08-12,249.25,256.08,248.68,255.19,11120394
2020-08-13,256.39,256.97,252.8799,253.72,8794502
2020-08-14,255.49,255.77,251.64,253.97,7876422
2020-08-17,253,257.375,250.085,256.96,9759984
2020-08-18,258.71,261.42,256.06,259.2,13267829
2020-08-19,260.89,261.29,257.38,260.59,14096512
2020-08-20,256.89,258.88,254.18,257.97,21460767
2020-08-21,259.03,267.43,258.31,265.8,25648217
2020-08-24,273.24,276.97,271.62,276.02,22475757
2020-08-25,278.06,289.12,276.04,286,27535466
2020-08-26,289.26,292.48,284.1,291.96,19530251
2020-08-27,290.17,290.25,282.1,284.17,14805798
2020-08-28,285.09,289.5,283.57,289,9689610
2020-08-31,288.62,289.19,283.61,287.03,13253796
2020-09-01,289.2,298,288.87,298,13815922
2020-09-02,299,299,289.79,296.07,12638553
2020-09-03,289,290.7334,278.16,282.5,16766248
2020-09-04,279.6,283.78,267.39,281.39,15885844
2020-09-08,270.23,273.97,266.59,270.02,12734048
2020-09-09,274.45,275.64,270.88,273.15,9465664
2020-09-10,274.9,277.1,267.4,267.55,10676758
2020-09-11,272.63,274.53,268.12,271.61,9412804
2020-09-14,275.36,276.29,271.76,274.1,7883271
2020-09-15,278,279.1,274.8,277.96,8291360
2020-09-16,281.03,283.605,278,278.14,9591242
2020-09-17,273.11,275.9,272.3213,275.72,8016913
2020-09-18,275.98,277.27,270.55,272.41,11753470
2020-09-21,269.1,274.22,266.4,273.82,9076431
2020-09-22,276.02,276.32,270.05,275.29,9673302
2020-09-23,275.4,277.83,271.5,272.95,7353201
2020-09-24,267.93,271.25,267.3338,269.73,9562132
2020-09-25,267.57,271.81,264.56,271.09,11466560
2020-09-28,275.53,278.84,274.1989,276.01,8761678
2020-09-29,275.43,279.3,274.9,276.93,7679306
2020-09-30,284.01,295,283.71,293.98,24777735
2020-10-01,295.26,295.59,288.25,290.05,16304018
2020-10-02,286.62,291.9794,286.51,288.17,11482752
2020-10-05,289.06,290,284.88,288.27,17876411
2020-10-06,287.41,296.84,286.91,292.39,15860391
2020-10-07,297.99,299.51,292.87,296.5,16669297
2020-10-08,298.11,302.3,295.441,300.54,15105805
2020-10-09,298.55,302.61,297.74,299.74,11442246
2020-10-12,303.95,309.64,301.2848,306.34,14780069
2020-10-13,306.36,310.01,303.03,308.78,10898535
2020-10-14,309,309.96,300.8,301.04,15186392
2020-10-15,293.8,299.8628,292.61,299.46,9709898
2020-10-16,303.99,310,302.95,307.31,12346464
2020-10-19,309.89,313.81,303.41,305.29,14107284
2020-10-20,307.6,311.8,307.06,309.81,8806118
2020-10-21,311.75,314,307.7,307.97,11139660
2020-10-22,311.46,311.85,304.2101,306.28,8013083
2020-10-23,307.27,310.33,304.06,309.92,6231438
2020-10-26,309.92,315.4599,303.2,306.87,9350118
2020-10-27,307.75,319.32,305.61,317.14,13175870
2020-10-28,313.5,313.5,306,307.94,13644451
2020-10-29,309.44,315.58,308.91,312.56,11174515
2020-10-30,308.55,310.83,300.19,304.69,14923854
2020-11-02,310.95,311.44,305.39,310.84,11857638
2020-11-03,286.2,294.28,280.78,285.57,58132486
2020-11-04,287.79,299.17,285.3,295.71,28791198
2020-11-05,289.09,291.25,279.6,287.75,49885852
2020-11-06,291.49,300.89,289.786,299.95,25259567
2020-11-09,303.77,304,290.5,290.53,22559869
2020-11-10,279.97,280,264.33,266.54,61063978
2020-11-11,261.92,271.92,261.205,265.65,41698984
2020-11-12,271.04,271.2,263.04,264.31,27181048
2020-11-13,264.72,265.44,257.17,260.84,33919958
2020-11-16,260.42,262.57,257.03,258.31,20864160
2020-11-17,260.28,260.28,256.54,256.8,19739461
2020-11-18,257.76,258.31,252.55,255.83,28307122
2020-11-19,255,261.4,253.5601,259.89,20752828
2020-11-20,263.97,272.3699,261.9,270.74,34178420
2020-11-23,274.75,275.73,266.4107,270.11,25317123
2020-11-24,276.235,280.61,272.8,279.96,20660477
2020-11-25,275.7,279.33,274.05,277.72,15229301
2020-11-27,278.8,278.92,275.6656,276.48,9583197
2020-11-30,268.97,268.97,262.52,263.36,30476124
2020-12-01,265.47,265.67,261.57,264.01,14606285
2020-12-02,262,263.1,260.11,261.32,13919668
2020-12-03,263.78,268.6,263.14,266.91,15520488
2020-12-04,271.02,271.3,266.27,267.25,15527567
2020-12-07,265.7,265.97,262.6,264,11378216
2020-12-08,265.2,268.4,263.87,266.09,9433022
2020-12-09,267.56,267.91,263.1,263.8,9046128
2020-12-10,261.99,266.0899,261.2001,264.87,10290254
2020-12-11,264.29,265.3199,262.5,264.54,7771290
2020-12-14,260.32,260.855,256.03,256.03,18369893
2020-12-15,255.34,255.68,252.3,255.11,16595641
2020-12-16,257.74,263.18,257.04,261.89,15804754
2020-12-17,264.7,264.85,260.2,264.43,14306570
2020-12-18,263.9,264.9,259.2,260,15981756
2020-12-21,255.17,260.46,254.5,260.43,10901780
2020-12-22,257.87,258.34,255.41,255.83,11485743
2020-12-23,255.5,257.3499,252.5301,256.18,10729152
2020-12-24,228.235,229.9,211.23,222,141830000
2020-12-28,216.88,224.99,215.3201,222.36,73512100
2020-12-29,231.76,239.19,229.6,236.26,69715948
2020-12-30,243.3484,243.39,234.6452,238.39,44812299
2020-12-31,237.46,238.92,231.0267,232.73,23451848
2021-01-04,226.5,230.38,225.04,227.85,24897858
2021-01-05,229.05,240.76,228.12,240.4,35823827
2021-01-06,234.95,238.3,225.86,227.61,37146057
2021-01-07,229.31,229.95,220.09,226.9,49361841
2021-01-08,227.88,238.6,226.6833,236.19,34884935
2021-01-11,229.9,230.8245,225.86,227.37,23036857
2021-01-12,228.385,229.75,225.14,225.6,19042931
2021-01-13,229.94,240.49,226.29,235.3,38805070
2021-01-14,245.31,245.7,241.47,242.98,31381635
2021-01-15,246.25,246.99,242.1501,243.46,21561645
2021-01-19,250,252.88,246.99,251.65,23681885
2021-01-20,267.5,269,262.7,265.49,44640838
2021-01-21,264.13,264.6,257.9,260,20709883
2021-01-22,256.8,260.33,255.5,258.62,13518247
2021-01-25,263.62,265.2,257.85,261.38,19478552
2021-01-26,263.8,266,261.12,265.92,14681226
2021-01-27,265.13,265.92,259.95,260.25,16050392
2021-01-28,259.17,261.57,257.33,260.76,10244931
2021-01-29,256.03,258.9,252.3,253.83,14692989
2021-02-01,258.8,265,255.195,264.69,15289300
2021-02-02,264.57,265,254.04,254.5,30534336
2021-02-03,264.7,268.28,261.2501,263.43,29179688
2021-02-04,269.58,269.99,265.5576,266.96,16762976
2021-02-05,264.61,266.45,263.21,265.67,11018671
2021-02-08,264.98,265,261.82,262.59,10758151
2021-02-09,263,267.2,262.54,266.49,12432765
2021-02-10,268.7,270.4,264.6,267.79,13090793
2021-02-11,268.75,274.26,267.2,268.93,15295792
2021-02-12,269.09,270.25,265.6804,267.85,9355082
2021-02-16,271,274.29,270.4,270.7,16708658
2021-02-17,270.89,272.316,267.81,270.83,13262396
2021-02-18,265.23,266.18,262.33,264.51,15382348
2021-02-19,266.05,269.39,262.85,263.59,14718443
2021-02-22,257.99,259.46,254,254,14403489
2021-02-23,247.31,254.9,241.62,252.75,15980265
2021-02-24,252,252,248.1,250.34,12831653
2021-02-25,250,250.34,240.07,240.18,17967251
2021-02-26,244.63,244.9,237.65,237.76,17470658
2021-03-01,241.05,242.79,239.26,241.69,14043349
2021-03-02,238.79,241.2,234.27,234.42,14644193
2021-03-03,237.5,239.6086,234.4506,236.27,13571668
2021-03-04,235,236.37,228.36,230.5,22964848
2021-03-05,235.42,236.43,228.34,233.89,15988377
2021-03-08,229.02,230.81,226.53,226.69,17138380
2021-03-09,233.38,238.74,233.075,238.14,15291260
2021-03-10,241,241.325,233.64,234.3,10491176
2021-03-11,237.2,241.72,235,240.8,15162534
2021-03-12,233.695,235.45,229.7058,231.87,17778446
2021-03-15,228.41,230.45,226.26,230.28,14520334
2021-03-16,228.07,229.85,225.53,226.93,19336592
2021-03-17,226.5,235.63,225.81,233.34,16949507
2021-03-18,238.56,239.5,235.56,236.43,14836080
2021-03-19,239.66,241.6,236.8838,239.79,15959658
2021-03-22,235.855,238.53,235,237.12,12063171
2021-03-23,237.3,241.12,235.5,237.67,12295566
2021-03-24,236.83,237.3,229.24,229.59,15949850
2021-03-25,225,229.24,222.5,222.72,24819815
2021-03-26,222,229.239,220.42,227.26,22030750
2021-03-29,225.49,232.38,225.1,231.86,18029105
2021-03-30,229.27,230.45,226.64,229.25,14828659
2021-03-31,229.89,231.52,226.47,226.73,16825400
2021-04-01,230.68,231.25,223.5,224.36,23497464
2021-04-05,226.53,226.57,222.52,225.3,14962135
2021-04-06,226.03,232,225.74,230.57,18100363
2021-04-07,226.11,228.19,224.8,225.42,18034852
2021-04-08,228.5,229.42,226.62,228.24,12211328
2021-04-09,224.85,225.07,221.32,223.31,19763033
2021-04-12,237.89,244.91,236.65,244.01,57500267
2021-04-13,243.66,245.69,239.69,241.89,20793040
2021-04-14,244.37,245.09,238.65,239.23,12405169
2021-04-15,240,240.95,238.1268,239.09,11288944
2021-04-16,241.89,241.89,237.82,238.69,14418796
2021-04-19,237.44,238.42,232.81,234.78,11216015
2021-04-20,232.87,234.63,228.4301,229.88,12093949
2021-04-21,229.33,229.49,226.0701,229.44,14315893
2021-04-22,228.765,234,227.8201,229.35,11986213
2021-04-23,230.65,233,230.51,232.08,8972039
2021-04-26,231.5,233.49,230.82,232.7,7792876
2021-04-27,233.44,236.93,232.08,235.92,11646347
2021-04-28,237.57,239.22,236.33,236.72,9187713
2021-04-29,237.79,238.05,232.6,234.18,9552775
2021-04-30,231.77,233.85,230.51,230.95,9326397
2021-05-03,231.27,236.1699,230.4052,230.71,13620874
2021-05-04,230.25,231.48,225.45,227.9,13260487
2021-05-05,228,228.91,226.73,226.78,7243206
2021-05-06,227.11,228.44,222.88,226.42,12247666
2021-05-07,227.9,228.79,225.05,225.31,10550046
2021-05-10,222.87,222.87,218.56,219.53,17266711
2021-05-11,213.71,221.39,213,221.38,13887678
2021-05-12,224.74,225.29,219,219.9,20366883
2021-05-13,213.15,215.5,204.39,206.08,51693884
2021-05-14,209.9235,210.94,206.02,209.51,31626841
2021-05-17,210.615,213.15,209.44,211.05,20529814
2021-05-18,212.5,215.17,211.42,213.72,19519449
2021-05-19,211.1,212.91,210.12,212.54,17030421
2021-05-20,212.995,217.63,212.63,216.99,19123430
2021-05-21,215.23,215.89,209.87,211.06,22825522
2021-05-24,210.03,212.01,208.7,210.44,15884245
2021-05-25,212.83,214.05,211.01,211.13,14116055
2021-05-26,212.3,213.75,211.54,211.78,9405776
2021-05-27,214.17,215.46,212.53,212.74,18680197
2021-05-28,212.76,214.53,212.06,213.96,10401474
2021-06-01,223.02,223.13,218.24,219.48,23052849
2021-06-02,219.43,219.94,217.46,219.59,13126417
2021-06-03,218,218.7,216.305,217.04,12448117
2021-06-04,218.28,219.08,217.14,219.02,8999092
2021-06-07,218,218.4,215.69,216.9,9928599
2021-06-08,217.29,218.23,214.74,215.82,9443049
2021-06-09,215.21,216.57,213.31,213.32,10233553
2021-06-10,213.5,214.8,212.21,213.07,10735896
2021-06-11,213.45,213.46,211,211.64,12276590
2021-06-14,212.25,215.165,212.2435,213.94,10773077
2021-06-15,214.17,214.49,209.64,210.06,12166955
2021-06-16,209.75,211.62,208.2256,209.32,10917787
2021-06-17,209.9,212.49,209.77,211.6,11233729
2021-06-18,212.01,213.84,210.59,212.3,13724626
2021-06-21,210.55,211.78,208.99,211.06,9273843
2021-06-22,210.42,211.66,209.86,211.32,11092087
2021-06-23,214.19,216.33,213.13,214.86,13785780
2021-06-24,216.99,219.58,215.56,218.38,13488244
2021-06-25,221.71,230.25,221.1,228.5,27383931
2021-06-28,229.5,230.89,226.72,228.59,13564910
2021-06-29,226.7,229.64,225.602,229.44,10273762
2021-06-30,226.99,227.98,225.68,226.78,9348629
2021-07-01,228.07,228.85,221.55,221.87,13327738
2021-07-02,219.16,219.5,216.46,217.75,12998035
2021-07-06,215.32,215.4,209.3733,211.6,23719916
2021-07-07,211.61,212.05,207.82,208,18340424
2021-07-08,201.71,202.28,198.26,199.85,33992496
2021-07-09,202.05,207.268,201.5,205.94,16911266
2021-07-12,203.9,206.455,203.02,205.48,11259481
2021-07-13,209.23,212.81,208.19,209.51,17375881
2021-07-14,215.5,216.35,211.03,211.5,19484214
2021-07-15,215.11,216.6,213.1606,214.76,14283583
2021-07-16,214.85,215.2,211.46,212.1,11150244
2021-07-19,206.1,209.08,203.24,208.91,15865819
2021-07-20,209,211.5,207.4668,210.59,9986819
2021-07-21,209.15,211.85,208.42,211.08,7650329
2021-07-22,212.64,216.39,212.6,214.04,10563112
2021-07-23,206.29,206.89,203.56,206.53,25539861
2021-07-26,198.37,198.575,190.88,191.76,55736768
2021-07-27,183.59,186.9,179.6701,186.07,59265660
2021-07-28,190.23,198,189.76,196.01,34535175
2021-07-29,201.045,201.14,194.91,197.54,23363233
2021-07-30,190.58,196.045,190.49,195.19,17250595
2021-08-02,196.27,202.07,196.25,200.09,17889194
2021-08-03,195.01,197.44,192,197.38,20115916
2021-08-04,197.49,203.275,196.91,200.71,22327281
2021-08-05,199.27,200.29,197.64,199.28,9881409
2021-08-06,199.25,199.32,195.68,196.39,11967719
2021-08-09,194.58,195.5,192.82,195.25,14657158
2021-08-10,197.27,198.45,195.0727,195.73,9983680
2021-08-11,196.6,196.92,194.73,194.86,8985075
2021-08-12,191.17,192.98,189.685,191.66,12885440
2021-08-13,188.61,189.26,186.71,188.62,15376980
2021-08-16,185,186.26,181.51,182.71,21044107
2021-08-17,175.92,177.89,173.15,173.73,40557975
2021-08-18,174.1,175.36,172.11,172.35,34339832
2021-08-19,166.7,167.2644,159.51,160.55,66662953
2021-08-20,164.12,166.93,155.5,157.96,75948868
2021-08-23,159.28,161.47,152.8,161.06,88699153
2021-08-24,169.04,174.1515,168.1575,171.7,62786404
2021-08-25,168.7,169.61,166.08,169.1,26055352
2021-08-26,167.46,168.45,164.82,165.24,18816499
2021-08-27,159.99,161.7699,158.55,159.47,31718050
2021-08-30,160.17,163.29,158.23,162.29,23769393
2021-08-31,167.7,169,166.14,166.99,24629105
2021-09-01,169.56,174.79,169.33,173.28,29550195
2021-09-02,178.01,178.18,171.67,172,29374892
2021-09-03,169.525,172.06,168.88,170.3,16440499
2021-09-07,174.15,176.84,173.37,175.16,24608473
2021-09-08,174.25,174.37,169.26,170.71,18993031
2021-09-09,167.3,169.04,165.58,167.32,17295795
2021-09-10,171.2,171.64,167.61,168.1,15064274
2021-09-13,164.49,166.8623,163.02,165.41,15458607
2021-09-14,162.86,163.069,159.48,160.15,20925922
2021-09-15,157.95,158.03,153.92,157.86,31796631
2021-09-16,154.92,157.6388,153.67,156.26,24358936
2021-09-17,158.48,160.38,158.09,160.05,25543294
2021-09-20,154.4,155.14,149.09,151.49,36177471
2021-09-21,151.58,152.58,149.571,150.18,19494706
2021-09-22,151.47,154,151.02,151.89,19832038
2021-09-23,152.58,152.68,149.61,151.19,24707475
2021-09-24,147.71,148,144.57,145.08,32067359
2021-09-27,144.92,150.99,144.44,150.18,24287443
2021-09-28,152.16,153.73,148.86,152.39,26299630
2021-09-29,150.46,152.1,147.48,147.58,17361309
2021-09-30,147.03,149.58,146.8644,148.05,14291489
2021-10-01,147.09,148.45,143.34,144.2,20210953
2021-10-04,141.7,141.9,138.43,139.63,25218515
2021-10-05,139.38,143.83,139.19,143.14,14032088
2021-10-06,140.56,144.892,139.96,144.1,14875904
2021-10-07,151.05,158.29,150.75,156,46035862
2021-10-08,159.86,162.78,157.91,161.52,33499195
2021-10-11,169.61,169.8,163.95,163.95,42193575
2021-10-12,163.825,165.73,162.24,163,24512652
2021-10-13,164.38,168.265,163.6,167.4,18595001
2021-10-14,168.26,168.99,164.46,166.78,17403731
2021-10-15,166.99,169.8,165.435,168,20762753
2021-10-18,166.58,169.25,166.58,166.82,18945873
2021-10-19,170.6,177.44,170.45,177,33538853
2021-10-20,180.95,182.09,176.1301,177.18,33714430
2021-10-21,177,179.78,176.71,177.42,16443998
2021-10-22,179.08,182.09,175.81,177.7,20807336
2021-10-25,177.86,178.28,173.83,176.17,13119711
2021-10-26,174.48,174.9,167.48,169.99,17576988
2021-10-27,167.53,172.45,167.34,169.23,11801789
2021-10-28,168.49,170.35,166.77,169.79,12440142
2021-10-29,167.07,168.56,162.72,164.94,17155367
2021-11-01,165.84,171.895,165.8,170.17,17609488
2021-11-02,167.1,167.1,162.76,162.9,19072886
2021-11-03,165.36,166.65,163.11,166.24,13569682
2021-11-04,169.28,169.94,164.5,164.79,16669249
2021-11-05,164.795,164.795,158.3,158.73,22098218
2021-11-08,161.765,162.16,159.48,162.16,16223104
2021-11-09,162.16,164.48,159.54,160.19,14010126
2021-11-10,163.68,166.48,161.82,163.97,17216798
2021-11-11,166.56,169.63,166.56,167.85,16747451
2021-11-12,165.1735,167.8,163.4,166.81,13741775
2021-11-15,167.22,168.46,165.67,166.54,9655711
2021-11-16,168.6,169.94,166.67,168.43,11887505
2021-11-17,168.02,168.3,161.135,161.58,18829528
2021-11-18,146.91,148.5,141.89,143.6,61571451
2021-11-19,143.04,145.06,140,140.34,28575742
2021-11-22,139.9,140.7,135.21,136.62,26390394
2021-11-23,136.032,136.8499,133.31,133.66,24102862
2021-11-24,133.1,136.76,131.22,136.52,20010443
2021-11-26,132.93,133.9804,131.22,133.35,14814898
2021-11-29,134.25,134.55,130.55,131.61,18648852
2021-11-30,129.9008,131.32,126.13,127.53,32625445
2021-12-01,128.37,129.155,121.9,122.49,29340503
2021-12-02,123.02,125,119.3401,122,34478644
2021-12-03,118,118.19,108.7,111.96,70266474
2021-12-06,113.64,123.82,113.43,123.6,43111395
2021-12-07,129.3,129.4499,123.4601,125.54,38542808
2021-12-08,123.21,126.97,121.32,125.08,22275034
2021-12-09,124.63,127.76,123.2117,123.91,23499301
2021-12-10,123.22,125.21,122.7797,125.06,15008280
2021-12-13,123,123.25,119.75,122.24,15820490
2021-12-14,120.93,127.65,120.3,126.58,17691502
2021-12-15,122.63,123.59,117.77,122.47,24893463
2021-12-16,122.32,125.69,118.9,120.25,22533387
2021-12-17,119.49,122.87,117.81,122.1,19781134
2021-12-20,118.5,118.83,113.695,115,23970493
2021-12-21,116.85,122.98,116.6,122.98,18036275
2021-12-22,117.09,118.66,115.15,117.81,24502010
2021-12-23,116.8,119.59,115.39,118.66,17563254
2021-12-27,117.8,121.8,116.1021,116.59,17864372
2021-12-28,116.26,116.42,114.47,114.8,17052102
2021-12-29,113.8,114.2,110.38,112.09,21100463
2021-12-30,112.63,124.3,112.3,122.99,45437131
2021-12-31,121.23,122.91,118.59,118.79,24287047
